cod_ibge,municipio_x,fatal_crashes,deaths,truck_fatal,truck_deaths,municipio_y,pop_2022,deaths_per_100k_11yr,truck_share_pct
3550308,SAO PAULO,9477,9792,769,802.0,São Paulo,11451999,85.5,8.1
3509502,CAMPINAS,1542,1615,154,166.0,Campinas,1139047,141.8,10.0
3518800,GUARULHOS,1462,1536,168,183.0,Guarulhos,1291771,118.9,11.5
3552205,SOROCABA,1003,1041,114,131.0,Sorocaba,723682,143.8,11.4
3548708,SAO BERNARDO DO CAMPO,887,946,145,161.0,São Bernardo do Campo,810729,116.7,16.3
3543402,RIBEIRAO PRETO,914,941,87,88.0,Ribeirão Preto,698642,134.7,9.5
3549904,SAO JOSE DOS CAMPOS,826,860,76,81.0,São José dos Campos,697054,123.4,9.2
3525904,JUNDIAI,762,803,126,137.0,Jundiaí,443221,181.2,16.5
3549805,SAO JOSE DO RIO PRETO,656,671,56,58.0,São José do Rio Preto,480393,139.7,8.5
3530607,MOGI DAS CRUZES,621,662,47,54.0,Mogi das Cruzes,451505,146.6,7.6
3538709,PIRACICABA,596,632,76,84.0,Piracicaba,423323,149.3,12.8
3534401,OSASCO,602,623,91,99.0,Osasco,728615,85.5,15.1
3547809,SANTO ANDRE,525,540,36,36.0,Santo André,748919,72.1,6.9
3526902,LIMEIRA,512,536,65,69.0,Limeira,291869,183.6,12.7
3541000,PRAIA GRANDE,500,505,29,30.0,Praia Grande,349935,144.3,5.8
3548500,SANTOS,475,490,105,108.0,Santos,418608,117.1,22.1
3506003,BAURU,446,466,50,53.0,Bauru,379146,122.9,11.2
3551009,SAO VICENTE,441,459,36,40.0,São Vicente,329911,139.1,8.2
3516200,FRANCA,434,452,28,31.0,Franca,352536,128.2,6.5
3554102,TAUBATE,432,451,48,53.0,Taubaté,310739,145.1,11.1
3523107,ITAQUAQUECETUBA,392,416,37,44.0,Itaquaquecetuba,369275,112.7,9.4
3523909,ITU,390,413,65,69.0,Itu,168240,245.5,16.7
3505708,BARUERI,380,395,62,67.0,Barueri,316473,124.8,16.3
3503208,ARARAQUARA,357,390,60,65.0,Araraquara,242228,161.0,16.8
3518701,GUARUJA,370,385,42,46.0,Guarujá,287634,133.9,11.4
3513801,DIADEMA,370,381,35,35.0,Diadema,393237,96.9,9.5
3507605,BRAGANCA PAULISTA,349,370,53,57.0,Bragança Paulista,176811,209.3,15.2
3513009,COTIA,352,367,32,36.0,Cotia,274413,133.7,9.1
3524402,JACAREI,340,364,54,59.0,Jacareí,240275,151.5,15.9
3552403,SUMARE,333,346,45,48.0,Sumaré,279545,123.8,13.5
3548906,SAO CARLOS,324,344,49,58.0,São Carlos,254857,135.0,15.1
3538006,PINDAMONHANGABA,304,340,60,68.0,Pindamonhangaba,165428,205.5,19.7
3522307,ITAPETININGA,302,331,41,47.0,Itapetininga,157790,209.8,13.6
3529005,MARILIA,308,326,71,78.0,Marília,237627,137.2,23.1
3504107,ATIBAIA,298,312,70,73.0,Atibaia,158647,196.7,23.5
3502804,ARACATUBA,293,307,41,47.0,Araçatuba,200124,153.4,14.0
3520509,INDAIATUBA,287,302,26,28.0,Indaiatuba,255748,118.1,9.1
3513504,CUBATAO,290,300,80,84.0,Cubatão,112476,266.7,27.6
3543907,RIO CLARO,284,296,42,42.0,Rio Claro,201418,147.0,14.8
3529401,MAUA,276,286,36,38.0,Mauá,418261,68.4,13.0
3510609,CARAPICUIBA,270,283,18,18.0,Carapicuíba,386984,73.1,6.7
3501608,AMERICANA,270,282,44,45.0,Americana,237240,118.9,16.3
3522208,ITAPECERICA DA SERRA,261,279,47,59.0,Itapecerica da Serra,158522,176.0,18.0
3552502,SUZANO,263,278,28,30.0,Suzano,307429,90.4,10.6
3541406,PRESIDENTE PRUDENTE,271,276,29,30.0,Presidente Prudente,225668,122.3,10.7
3530706,MOGI GUACU,257,271,46,54.0,Mogi Guaçu,153658,176.4,17.9
3515004,EMBU DAS ARTES,259,269,45,48.0,Embu das Artes,250691,107.3,17.4
3522109,ITANHAEM,250,257,20,21.0,Itanhaém,112476,228.5,8.0
3505500,BARRETOS,231,250,48,58.0,Barretos,122485,204.1,20.8
3525300,JAU,226,245,40,51.0,Jaú,133497,183.5,17.7
3506359,BERTIOGA,203,238,26,35.0,Bertioga,64188,370.8,12.8
3519071,HORTOLANDIA,223,234,27,28.0,Hortolândia,236641,98.9,12.1
3516408,FRANCO DA ROCHA,214,229,34,37.0,Franco da Rocha,144849,158.1,15.9
3545803,SANTA BARBARA D OESTE,224,229,23,23.0,Santa Bárbara d'Oeste,183347,124.9,10.3
3554003,TATUI,210,218,42,45.0,Tatuí,123942,175.9,20.0
3511102,CATANDUVA,202,218,32,37.0,Catanduva,115791,188.3,15.8
3530805,MOGI MIRIM,197,216,33,36.0,Mogi Mirim,92558,233.4,16.8
3522505,ITAPEVI,210,214,30,31.0,Itapevi,232297,92.1,14.3
3555406,UBATUBA,187,212,18,23.0,Ubatuba,92981,228.0,9.6
3507506,BOTUCATU,199,210,27,30.0,Botucatu,145155,144.7,13.6
3508504,CACAPAVA,196,209,21,26.0,Caçapava,96202,217.3,10.7
3543303,RIBEIRAO PIRES,186,204,26,28.0,Ribeirão Pires,115559,176.5,14.0
3519709,IBIUNA,186,200,31,38.0,Ibiúna,75605,264.5,16.7
3552809,TABOAO DA SERRA,186,198,14,14.0,Taboão da Serra,273542,72.4,7.5
3518404,GUARATINGUETA,184,197,25,28.0,Guaratinguetá,118044,166.9,13.6
3551702,SERTAOZINHO,177,195,28,33.0,Sertãozinho,126887,153.7,15.8
3528502,MAIRIPORA,183,194,41,46.0,Mairiporã,93853,206.7,22.4
3523404,ITATIBA,183,193,41,43.0,Itatiba,121590,158.7,22.4
3506508,BIRIGUI,185,191,22,25.0,Birigui,118979,160.5,11.9
3522406,ITAPEVA,157,191,50,66.0,Itapeva,89728,212.9,31.8
3503307,ARARAS,180,189,28,29.0,Araras,130866,144.4,15.6
3550704,SAO SEBASTIAO,167,183,20,23.0,São Sebastião,81595,224.3,12.0
3545209,SALTO,172,181,32,34.0,Salto,134319,134.8,18.6
3510500,CARAGUATATUBA,173,181,14,14.0,Caraguatatuba,134873,134.2,8.1
3504503,AVARE,155,181,37,51.0,Avaré,92805,195.0,23.9
3501905,AMPARO,166,179,28,34.0,Amparo,68008,263.2,16.9
3529906,MIRACATU,160,177,78,85.0,Miracatu,18553,954.0,48.8
3550605,SAO ROQUE,159,173,34,37.0,São Roque,79484,217.7,21.4
3556206,VALINHOS,163,171,23,23.0,Valinhos,126373,135.3,14.1
3522604,ITAPIRA,155,170,20,21.0,Itapira,72022,236.0,12.9
3557105,VOTUPORANGA,151,166,21,24.0,Votuporanga,96634,171.8,13.9
3504008,ASSIS,159,165,35,36.0,Assis,101409,162.7,22.0
3506102,BEBEDOURO,153,163,34,39.0,Bebedouro,76373,213.4,22.2
3534708,OURINHOS,154,158,30,31.0,Ourinhos,103970,152.0,19.5
3547304,SANTANA DE PARNAIBA,139,155,22,27.0,Santana de Parnaíba,154105,100.6,15.8
3537800,PIEDADE,139,155,24,31.0,Piedade,52970,292.6,17.3
3549102,SAO JOAO DA BOA VISTA,143,154,21,21.0,São João da Boa Vista,92547,166.4,14.7
3509205,CAJAMAR,145,150,37,39.0,Cajamar,92689,161.8,25.5
3537602,PERUIBE,138,150,12,16.0,Peruíbe,68352,219.5,8.7
3503901,ARUJA,140,146,26,30.0,Arujá,86678,168.4,18.6
3540606,PORTO FELIZ,130,143,24,27.0,Porto Feliz,56497,253.1,18.5
3509007,CAIEIRAS,137,142,27,29.0,Caieiras,95032,149.4,19.7
3529302,MATAO,131,138,41,44.0,Matão,79033,174.6,31.3
3542602,REGISTRO,130,138,33,36.0,Registro,59947,230.2,25.4
3530508,MOCOCA,125,135,17,19.0,Mococa,67681,199.5,13.6
3533908,OLIMPIA,116,132,37,44.0,Olímpia,55074,239.7,31.9
3527207,LORENA,119,131,20,24.0,Lorena,84855,154.4,16.8
3526209,JUQUITIBA,122,131,37,41.0,Juquitiba,27404,478.0,30.3
3505906,BATATAIS,102,130,24,41.0,Batatais,58402,222.6,23.5
3526704,LEME,121,130,24,25.0,Leme,98161,132.4,19.8
3509254,CAJATI,115,128,57,61.0,Cajati,28515,448.9,49.6
3524303,JABOTICABAL,118,127,29,31.0,Jaboticabal,71821,176.8,24.6
3510203,CAPAO BONITO,112,127,35,44.0,Capão Bonito,46337,274.1,31.2
3515509,FERNANDOPOLIS,122,126,17,18.0,Fernandópolis,71186,177.0,13.9
3553708,TAQUARITINGA,113,123,24,26.0,Taquaritinga,52260,235.4,21.2
3537305,PENAPOLIS,113,123,25,28.0,Penápolis,61679,199.4,22.1
3557006,VOTORANTIM,111,123,17,25.0,Votorantim,127923,96.2,15.3
3546801,SANTA ISABEL,116,122,15,17.0,Santa Isabel,53174,229.4,12.9
3536505,PAULINIA,120,122,21,21.0,Paulínia,110537,110.4,17.5
3539301,PIRASSUNUNGA,112,121,32,35.0,Pirassununga,73545,164.5,28.6
3531803,MONTE MOR,111,117,9,10.0,Monte Mor,64662,180.9,8.1
3502754,ARACARIGUAMA,103,114,29,31.0,Araçariguama,21522,529.7,28.2
3527108,LINS,109,114,15,16.0,Lins,74779,152.4,13.8
3550100,SAO MANUEL,96,113,30,35.0,São Manuel,37289,303.0,31.2
3524006,ITUPEVA,110,112,22,22.0,Itupeva,70616,158.6,20.0
3525706,JOSE BONIFACIO,97,111,26,29.0,José Bonifácio,36633,303.0,26.8
3554508,TIETE,103,110,19,19.0,Tietê,37663,292.1,18.4
3507001,BOITUVA,104,110,11,13.0,Boituva,61081,180.1,10.6
3524709,JAGUARIUNA,104,110,23,25.0,Jaguariúna,59347,185.4,22.1
3509601,CAMPO LIMPO PAULISTA,103,109,15,15.0,Campo Limpo Paulista,77632,140.4,14.6
3519600,IBITINGA,99,109,23,26.0,Ibitinga,60033,181.6,23.2
3545308,SALTO DE PIRAPORA,100,109,21,22.0,Salto de Pirapora,43748,249.2,21.0
3515103,EMBU-GUACU,102,108,10,11.0,Embu-Guaçu,66970,161.3,9.8
3552106,SOCORRO,95,107,16,22.0,Socorro,40122,266.7,16.8
3531100,MONGAGUA,103,106,9,9.0,Mongaguá,61951,171.1,8.7
3536703,PEDERNEIRAS,99,105,22,22.0,Pederneiras,44827,234.2,22.2
3555000,TUPA,96,101,15,16.0,Tupã,63928,158.0,15.6
3540705,PORTO FERREIRA,97,100,21,21.0,Porto Ferreira,52649,189.9,21.6
3528403,MAIRINQUE,93,98,15,15.0,Mairinque,50027,195.9,16.1
3525201,JARINU,88,97,19,19.0,Jarinu,37535,258.4,21.6
3513405,CRUZEIRO,91,97,22,22.0,Cruzeiro,74961,129.4,24.2
3518305,GUARAREMA,92,95,10,11.0,Guararema,31236,304.1,10.9
3510807,CASA BRANCA,74,95,21,28.0,Casa Branca,28083,338.3,28.4
3546405,SANTA CRUZ DO RIO PARDO,89,94,30,30.0,Santa Cruz do Rio Pardo,46442,202.4,33.7
3530300,MIRASSOL,90,93,20,21.0,Mirassol,63337,146.8,22.2
3510401,CAPIVARI,81,93,13,14.0,Capivari,50068,185.7,16.0
3536208,PARIQUERA-ACU,85,93,8,8.0,Pariquera-Açu,19233,483.5,9.4
3503802,ARTUR NOGUEIRA,88,91,11,11.0,Artur Nogueira,51456,176.9,12.5
3502101,ANDRADINA,76,90,11,15.0,Andradina,59783,150.5,14.5
3502507,APARECIDA,86,88,19,21.0,Aparecida,32569,270.2,22.1
3556503,VARZEA PAULISTA,83,87,10,10.0,Várzea Paulista,115771,75.1,12.0
3525102,JARDINOPOLIS,84,87,17,17.0,Jardinópolis,45282,192.1,20.2
3502903,ARACOIABA DA SERRA,80,85,14,14.0,Araçoiaba da Serra,32443,262.0,17.5
3535507,PARAGUACU PAULISTA,74,85,17,21.0,Paraguaçu Paulista,41120,206.7,23.0
3556701,VINHEDO,82,85,11,13.0,Vinhedo,76540,111.1,13.4
3529203,MARTINOPOLIS,71,84,21,28.0,Martinópolis,24881,337.6,29.6
3526803,LENCOIS PAULISTA,79,84,12,12.0,Lençóis Paulista,66505,126.3,15.2
3541307,PRESIDENTE EPITACIO,81,84,8,9.0,Presidente Epitácio,39505,212.6,9.9
3534302,ORLANDIA,77,84,19,22.0,Orlândia,38319,219.2,24.7
3516309,FRANCISCO MORATO,81,84,2,2.0,Francisco Morato,165139,50.9,2.5
3537909,PILAR DO SUL,74,84,13,15.0,Pilar do Sul,27619,304.1,17.6
3508405,CABREUVA,80,82,8,8.0,Cabreúva,47011,174.4,10.0
3515707,FERRAZ DE VASCONCELOS,81,82,7,7.0,Ferraz de Vasconcelos,179198,45.8,8.6
3533502,NOVO HORIZONTE,73,81,17,22.0,Novo Horizonte,38324,211.4,23.3
3520301,IGUAPE,71,80,8,10.0,Iguape,29115,274.8,11.3
3512803,COSMOPOLIS,76,79,10,11.0,Cosmópolis,59773,132.2,13.2
3524808,JALES,67,77,21,23.0,Jales,48776,157.9,31.3
3547502,SANTA RITA DO PASSA QUATRO,74,77,41,42.0,Santa Rita do Passa Quatro,24833,310.1,55.4
3536000,PARAPUA,55,77,23,39.0,Parapuã,10580,727.8,41.8
3549409,SAO JOAQUIM DA BARRA,69,76,19,24.0,São Joaquim da Barra,48558,156.5,27.5
3522703,ITAPOLIS,69,75,19,22.0,Itápolis,39493,189.9,27.5
3527306,LOUVEIRA,71,74,8,10.0,Louveira,51847,142.7,11.3
3549706,SAO JOSE DO RIO PARDO,70,74,12,13.0,São José do Rio Pardo,52205,141.7,17.1
3538600,PIRACAIA,70,74,6,7.0,Piracaia,26029,284.3,8.6
3505401,BARRA DO TURVO,68,73,30,31.0,Barra do Turvo,6876,1061.7,44.1
3511508,CERQUILHO,63,72,11,14.0,Cerquilho,44695,161.1,17.5
3514403,DRACENA,67,72,7,8.0,Dracena,45474,158.3,10.4
3542206,RANCHARIA,64,71,22,25.0,Rancharia,28588,248.4,34.4
3541604,PROMISSAO,61,70,20,23.0,Promissão,35131,199.3,32.8
3550407,SAO PEDRO,60,70,13,17.0,São Pedro,38256,183.0,21.7
3548807,SAO CAETANO DO SUL,66,69,7,7.0,São Caetano do Sul,165655,41.7,10.6
3531308,MONTE ALTO,64,69,17,18.0,Monte Alto,47574,145.0,26.6
3509700,CAMPOS DO JORDAO,64,69,10,10.0,Campos do Jordão,46974,146.9,15.6
3506607,BIRITIBA MIRIM,65,69,10,12.0,Biritiba Mirim,29683,232.5,15.4
3553005,TAGUAI,22,69,9,55.0,Taguaí,12669,544.6,40.9
3556404,VARGEM GRANDE DO SUL,61,68,13,18.0,Vargem Grande do Sul,40133,169.4,21.3
3553807,TAQUARITUBA,59,68,16,23.0,Taquarituba,24350,279.3,27.1
3532405,NAZARE PAULISTA,65,67,15,15.0,Nazaré Paulista,18217,367.8,23.1
3508603,CACHOEIRA PAULISTA,62,67,10,11.0,Cachoeira Paulista,31564,212.3,16.1
3524105,ITUVERAVA,65,67,14,14.0,Ituverava,37571,178.3,21.5
3523503,ITATINGA,55,64,21,26.0,Itatinga,19070,335.6,38.2
3530201,MIRANTE DO PARANAPANEMA,48,62,11,12.0,Mirante do Paranapanema,15917,389.5,22.9
3520202,IGARATA,54,62,21,26.0,Igaratá,10605,584.6,38.9
3533403,NOVA ODESSA,52,62,14,16.0,Nova Odessa,62019,100.0,26.9
3513603,CUNHA,55,62,7,10.0,Cunha,22110,280.4,12.7
3523305,ITARIRI,50,62,8,9.0,Itariri,15528,399.3,16.0
3512407,CORDEIROPOLIS,61,62,22,22.0,Cordeirópolis,24514,252.9,36.1
3540200,PONTAL,53,62,8,14.0,Pontal,37607,164.9,15.1
3550902,SAO SIMAO,57,61,17,19.0,São Simão,13442,453.8,29.8
3554805,TREMEMBE,53,61,6,8.0,Tremembé,51173,119.2,11.3
3533007,NOVA GRANADA,51,61,16,23.0,Nova Granada,19419,314.1,31.4
3521804,ITAI,54,61,14,16.0,Itaí,25180,242.3,25.9
3502200,ANGATUBA,52,60,13,17.0,Angatuba,24022,249.8,25.0
3537404,PEREIRA BARRETO,49,59,6,8.0,Pereira Barreto,24095,244.9,12.2
3549953,SAO LOURENCO DA SERRA,56,59,16,16.0,São Lourenço da Serra,16067,367.2,28.6
3526100,JUQUIA,58,59,16,16.0,Juquiá,17154,343.9,27.6
3523602,ITIRAPINA,52,58,12,15.0,Itirapina,16148,359.2,23.1
3553401,TANABI,55,58,6,6.0,Tanabi,25265,229.6,10.9
3550209,SAO MIGUEL ARCANJO,52,57,9,12.0,São Miguel Arcanjo,32039,177.9,17.3
3539202,PIRAPOZINHO,49,57,8,8.0,Pirapozinho,25348,224.9,16.3
3501004,ALTINOPOLIS,49,57,16,21.0,Altinópolis,16818,338.9,32.7
3546603,SANTA FE DO SUL,53,57,10,11.0,Santa Fé do Sul,34794,163.8,18.9
3517406,GUAIRA,53,57,17,19.0,Guaíra,39279,145.1,32.1
3544004,RIO DAS PEDRAS,55,57,14,15.0,Rio das Pedras,31328,181.9,25.5
3510302,CAPELA DO ALTO,56,57,7,7.0,Capela do Alto,22866,249.3,12.5
3539806,POA,53,56,8,8.0,Poá,103765,54.0,15.1
3500303,AGUAI,50,56,21,26.0,Aguaí,32072,174.6,42.0
3539509,PITANGUEIRAS,49,56,10,12.0,Pitangueiras,33674,166.3,20.4
3513702,DESCALVADO,52,55,14,14.0,Descalvado,31756,173.2,26.9
3548005,SANTO ANTONIO DE POSSE,52,55,11,12.0,Santo Antônio de Posse,23244,236.6,21.2
3507902,BROTAS,47,55,18,20.0,Brotas,23898,230.1,38.3
3538808,PIRAJU,49,54,13,14.0,Piraju,29436,183.4,26.5
3531902,MORRO AGUDO,50,54,11,11.0,Morro Agudo,27933,193.3,22.0
3515186,ESPIRITO SANTO DO PINHAL,53,54,18,18.0,Espírito Santo do Pinhal,39816,135.6,34.0
3513108,CRAVINHOS,51,54,18,21.0,Cravinhos,33281,162.3,35.3
3540507,PORANGABA,46,53,18,20.0,Porangaba,10451,507.1,39.1
3546702,SANTA GERTRUDES,50,53,21,23.0,Santa Gertrudes,23611,224.5,42.0
3520442,ILHA SOLTEIRA,44,53,9,13.0,Ilha Solteira,25549,207.4,20.5
3525003,JANDIRA,52,53,9,9.0,Jandira,118045,44.9,17.3
3524600,JACUPIRANGA,50,52,14,14.0,Jacupiranga,16097,323.0,28.0
3531407,MONTE APRAZIVEL,47,52,14,16.0,Monte Aprazível,22280,233.4,29.8
3507407,BORBOREMA,46,52,17,19.0,Borborema,14226,365.5,37.0
3511607,CESARIO LANGE,48,52,8,8.0,Cesário Lange,19048,273.0,16.7
3526407,LARANJAL PAULISTA,47,51,6,6.0,Laranjal Paulista,26261,194.2,12.8
3545001,SALESOPOLIS,45,51,5,6.0,Salesópolis,15202,335.5,11.1
3535804,PARANAPANEMA,39,51,13,21.0,Paranapanema,19395,263.0,33.3
3502705,APIAI,44,51,12,14.0,Apiaí,24585,207.4,27.3
3519303,IBATE,47,51,7,7.0,Ibaté,32178,158.5,14.9
3551603,SERRA NEGRA,48,50,1,1.0,Serra Negra,29894,167.3,2.1
3540903,PRADOPOLIS,41,50,14,20.0,Pradópolis,17078,292.8,34.1
3507100,BOM JESUS DOS PERDOES,46,50,7,7.0,Bom Jesus dos Perdões,22006,227.2,15.2
3500709,AGUDOS,48,49,12,12.0,Agudos,37680,130.0,25.0
3516705,GARCA,48,49,5,5.0,Garça,42110,116.4,10.4
3509403,CAJURU,38,49,20,25.0,Cajuru,23830,205.6,52.6
3556453,VARGEM GRANDE PAULISTA,48,49,8,8.0,Vargem Grande Paulista,50415,97.2,16.7
3538105,PINDORAMA,48,48,15,15.0,Pindorama,14542,330.1,31.2
3518602,GUARIBA,43,48,12,12.0,Guariba,37498,128.0,27.9
3521705,ITABERA,46,47,18,19.0,Itaberá,17983,261.4,39.1
3512209,CONCHAL,43,47,4,4.0,Conchal,28101,167.3,9.3
3505302,BARRA BONITA,42,47,10,11.0,Barra Bonita,34346,136.8,23.8
3519808,ICEM,36,47,12,16.0,Icém,7819,601.1,33.3
3551504,SERRANA,44,46,6,6.0,Serrana,43909,104.8,13.6
3556008,URUPES,39,46,11,15.0,Urupês,13744,334.7,28.2
3523206,ITARARE,44,45,10,10.0,Itararé,44438,101.3,22.7
3517604,GUAPIARA,42,45,12,12.0,Guapiara,17071,263.6,28.6
3516903,GENERAL SALGADO,33,45,13,18.0,General Salgado,10312,436.4,39.4
3514106,DOIS CORREGOS,42,45,10,10.0,Dois Córregos,24510,183.6,23.8
3504602,BADY BASSITT,42,44,8,8.0,Bady Bassitt,27260,161.4,19.0
3538204,PINHALZINHO,38,44,5,7.0,Pinhalzinho,15224,289.0,13.2
3521903,ITAJOBI,39,43,12,12.0,Itajobi,16989,253.1,30.8
3508108,BURITAMA,36,43,2,3.0,Buritama,17210,249.9,5.6
3511003,CASTILHO,40,43,8,9.0,Castilho,19977,215.2,20.0
3535309,PALMITAL,41,43,14,15.0,Palmital,19594,219.5,34.1
3510005,CANDIDO MOTA,37,42,8,12.0,Cândido Mota,29449,142.6,21.6
3528007,MACATUBA,38,42,7,8.0,Macatuba,16829,249.6,18.4
3542404,REGENTE FEIJO,38,41,7,7.0,Regente Feijó,20145,203.5,18.4
3530102,MIRANDOPOLIS,38,41,3,3.0,Mirandópolis,27983,146.5,7.9
3553955,TARUMA,29,41,7,9.0,Tarumã,14882,275.5,24.1
3535606,PARAIBUNA,39,41,7,8.0,Paraibuna,17667,232.1,17.9
3541505,PRESIDENTE VENCESLAU,37,41,7,9.0,Presidente Venceslau,35201,116.5,18.9
3529708,MIGUELOPOLIS,39,41,9,11.0,Miguelópolis,19441,210.9,23.1
3508801,CAFELANDIA,35,40,10,12.0,Cafelândia,16654,240.2,28.6
3500501,AGUAS DE LINDOIA,38,40,2,2.0,Águas de Lindóia,17930,223.1,5.3
3556107,VALENTIM GENTIL,34,40,5,8.0,Valentim Gentil,14098,283.7,14.7
3505203,BARIRI,37,40,11,14.0,Bariri,31595,126.6,29.7
3519402,IBIRA,36,40,4,5.0,Ibirá,11690,342.2,11.1
3552700,TABATINGA,36,40,6,8.0,Tabatinga,14769,270.8,16.7
3521002,IPERO,39,40,4,5.0,Iperó,36459,109.7,10.3
3539400,PIRATININGA,35,39,7,11.0,Piratininga,15108,258.1,20.0
3520103,IGARAPAVA,38,39,6,6.0,Igarapava,26212,148.8,15.8
3531506,MONTE AZUL PAULISTA,30,39,8,11.0,Monte Azul Paulista,18151,214.9,26.7
3546306,SANTA CRUZ DAS PALMEIRAS,38,39,10,10.0,Santa Cruz das Palmeiras,28864,135.1,26.3
3512001,COLINA,38,39,7,8.0,Colina,18486,211.0,18.4
3537008,PEDREGULHO,37,39,8,9.0,Pedregulho,15525,251.2,21.6
3545605,SANTA ADELIA,32,39,12,15.0,Santa Adélia,14018,278.2,37.5
3537107,PEDREIRA,37,38,4,4.0,Pedreira,43112,88.1,10.8
3511300,CEDRAL,36,38,10,10.0,Cedral,12618,301.2,27.8
3506904,BOFETE,32,38,11,15.0,Bofete,10460,363.3,34.4
3501152,ALUMINIO,36,37,4,5.0,Alumínio,17301,213.9,11.1
3551801,SETE BARRAS,35,37,2,2.0,Sete Barras,12730,290.7,5.7
3517703,GUARA,35,37,11,12.0,Guará,18606,198.9,31.4
3534609,OSVALDO CRUZ,33,37,6,6.0,Osvaldo Cruz,31272,118.3,18.2
3548104,SANTO ANTONIO DO JARDIM,27,36,5,5.0,Santo Antônio do Jardim,6126,587.7,18.5
3515400,FARTURA,32,36,5,6.0,Fartura,16641,216.3,15.6
3515152,ENGENHEIRO COELHO,32,36,5,5.0,Engenheiro Coelho,19566,184.0,15.6
3506706,BOA ESPERANCA DO SUL,31,36,7,8.0,Boa Esperança do Sul,12978,277.4,22.6
3556354,VARGEM,34,36,9,9.0,Vargem,10512,342.5,26.5
3505807,BASTOS,29,36,11,14.0,Bastos,21503,167.4,37.9
3543006,RIBEIRAO BRANCO,34,35,3,3.0,Ribeirão Branco,18627,187.9,8.8
3501707,AMERICO BRASILIENSE,31,35,7,8.0,Américo Brasiliense,33019,106.0,22.6
3550001,SAO LUIS DO PARAITINGA,35,35,4,4.0,São Luiz do Paraitinga,10337,338.6,11.4
3540002,POMPEIA,31,35,7,9.0,Pompéia,20196,173.3,22.6
3528809,MARACAI,33,35,9,9.0,Maracaí,12673,276.2,27.3
3518859,GUATAPARA,21,35,7,9.0,Guatapará,7320,478.1,33.3
3518206,GUARARAPES,34,35,7,8.0,Guararapes,31043,112.7,20.6
3545407,SALTO GRANDE,33,35,7,8.0,Salto Grande,9050,386.7,21.2
3527405,LUCELIA,28,34,6,9.0,Lucélia,20061,169.5,21.4
3501301,ALVARES MACHADO,30,34,6,7.0,Álvares Machado,27255,124.7,20.0
3555604,UCHOA,29,33,11,15.0,Uchoa,10394,317.5,37.9
3512308,CONCHAS,29,33,9,10.0,Conchas,15232,216.6,31.0
3548054,SANTO ANTONIO DO ARACANGUA,26,33,9,10.0,Santo Antônio do Aracanguá,8379,393.8,34.6
3536307,PATROCINIO PAULISTA,31,33,8,9.0,Patrocínio Paulista,14512,227.4,25.8
3513900,DIVINOLANDIA,24,33,4,5.0,Divinolândia,11158,295.8,16.7
3538907,PIRAJUI,27,32,4,5.0,Pirajuí,22431,142.7,14.8
3520004,IGARACU DO TIETE,30,32,6,6.0,Igaraçu do Tietê,23106,138.5,20.0
3511201,CATIGUA,32,32,14,14.0,Catiguá,7003,456.9,43.8
3512902,COSMORAMA,27,32,3,3.0,Cosmorama,8719,367.0,11.1
3536109,PARDINHO,28,32,13,16.0,Pardinho,7153,447.4,46.4
3511409,CERQUEIRA CESAR,29,32,5,5.0,Cerqueira César,21469,149.1,17.2
3500105,ADAMANTINA,29,31,6,6.0,Adamantina,34687,89.4,20.7
3520905,IPAUSSU,31,31,9,9.0,Ipaussu,13712,226.1,29.0
3517505,GUAPIACU,30,31,5,6.0,Guapiaçu,21711,142.8,16.7
3544251,ROSANA,30,31,6,6.0,Rosana,17440,177.8,20.0
3519105,IACANGA,22,31,8,8.0,Iacanga,10437,297.0,36.4
3533601,NUPORANGA,16,30,5,16.0,Nuporanga,7391,405.9,31.2
3510708,CARDOSO,24,30,1,3.0,Cardoso,11345,264.4,4.2
3520400,ILHABELA,28,30,1,1.0,Ilhabela,34934,85.9,3.6
3554300,TEODORO SAMPAIO,26,30,5,5.0,Teodoro Sampaio,22173,135.3,19.2
3532603,NHANDEARA,30,30,4,4.0,Nhandeara,9852,304.5,13.3
3529807,MINEIROS DO TIETE,29,30,7,7.0,Mineiros do Tietê,11230,267.1,24.1
3505609,BARRINHA,28,30,3,4.0,Barrinha,32092,93.5,10.7
3540804,POTIRENDABA,28,30,3,3.0,Potirendaba,18496,162.2,10.7
3521101,IPEUNA,23,30,9,9.0,Ipeúna,6831,439.2,39.1
3514908,ELIAS FAUSTO,29,30,10,10.0,Elias Fausto,17699,169.5,34.5
3539905,POLONI,23,29,8,9.0,Poloni,5592,518.6,34.8
3553302,TAMBAU,26,29,9,11.0,Tambaú,21435,135.3,34.6
3500550,AGUAS DE SANTA BARBARA,28,29,10,11.0,Águas de Santa Bárbara,7177,404.1,35.7
3500402,AGUAS DA PRATA,24,29,16,21.0,Águas da Prata,7369,393.5,66.7
3534757,OUROESTE,29,29,7,7.0,Ouroeste,10294,281.7,24.1
3553856,TAQUARIVAI,24,28,10,13.0,Taquarivaí,6876,407.2,41.7
3539103,PIRAPORA DO BOM JESUS,26,28,0,0.0,Pirapora do Bom Jesus,18370,152.4,0.0
3534005,ONDA VERDE,28,28,8,8.0,Onda Verde,4771,586.9,28.6
3511706,CHARQUEADA,27,28,6,7.0,Charqueada,15535,180.2,22.2
3519006,HERCULANDIA,24,28,9,11.0,Herculândia,9125,306.8,37.5
3526605,LAVRINHAS,27,28,8,8.0,Lavrinhas,7171,390.5,29.6
3503703,ARIRANHA,22,27,3,4.0,Ariranha,7602,355.2,13.6
3553609,TAPIRATIBA,23,27,2,2.0,Tapiratiba,11816,228.5,8.7
3518503,GUAREI,22,27,7,12.0,Guareí,15013,179.8,31.8
3522802,ITAPORANGA,23,27,4,4.0,Itaporanga,14085,191.7,17.4
3521309,IPUA,25,27,8,9.0,Ipuã,14454,186.8,32.0
3507803,BRODOWSKI,26,27,7,7.0,Brodowski,25201,107.1,26.9
3535101,PALMARES PAULISTA,21,27,5,5.0,Palmares Paulista,9650,279.8,23.8
3535200,PALMEIRA D OESTE,25,27,2,2.0,Palmeira d'Oeste,8903,303.3,8.0
3533700,OCAUCU,23,26,14,15.0,Ocauçu,4331,600.3,60.9
3537206,PEDRO DE TOLEDO,26,26,9,9.0,Pedro de Toledo,11281,230.5,34.6
3506300,BERNARDINO DE CAMPOS,25,26,7,7.0,Bernardino de Campos,11607,224.0,28.0
3544301,ROSEIRA,25,26,8,8.0,Roseira,10832,240.0,32.0
3541901,QUELUZ,26,26,12,12.0,Queluz,9159,283.9,46.2
3514502,DUARTINA,23,26,5,5.0,Duartina,12328,210.9,21.7
3544905,SALES OLIVEIRA,23,26,11,12.0,Sales Oliveira,11411,227.9,47.8
3535002,PALESTINA,18,26,1,1.0,Palestina,11476,226.6,5.6
3529500,MENDONCA,21,25,6,6.0,Mendonça,6159,405.9,28.6
3554904,TRES FRONTEIRAS,22,25,1,2.0,Três Fronteiras,6804,367.4,4.5
3535408,PANORAMA,23,25,4,5.0,Panorama,14964,167.1,17.4
3504404,AVANHANDAVA,23,25,5,6.0,Avanhandava,11263,222.0,21.7
3508009,BURI,24,25,5,5.0,Buri,20250,123.5,20.8
3523701,ITIRAPUA,22,25,12,13.0,Itirapuã,5779,432.6,54.5
3555356,UBARANA,23,24,5,6.0,Ubarana,5365,447.3,21.7
3520426,ILHA COMPRIDA,23,24,1,1.0,Ilha Comprida,13419,178.9,4.3
3555109,TUPI PAULISTA,23,24,4,4.0,Tupi Paulista,15854,151.4,17.4
3551405,SERRA AZUL,20,24,1,1.0,Serra Azul,12746,188.3,5.0
3552601,TABAPUA,22,24,2,2.0,Tabapuã,11323,212.0,9.1
3511904,CLEMENTINA,20,24,7,11.0,Clementina,6982,343.7,35.0
3514601,DUMONT,22,24,6,6.0,Dumont,9471,253.4,27.3
3546207,SANTA CRUZ DA CONCEICAO,20,24,8,11.0,Santa Cruz da Conceição,4277,561.1,40.0
3532009,MORUNGABA,23,24,3,3.0,Morungaba,13720,174.9,13.0
3553500,TAPIRAI,23,24,6,7.0,Tapiraí,7996,300.2,26.1
3539004,PIRANGI,19,23,5,6.0,Pirangi,10885,211.3,26.3
3547700,SANTO ANASTACIO,23,23,3,3.0,Santo Anastácio,17963,128.0,13.0
3512704,CORUMBATAI,23,23,10,10.0,Corumbataí,4195,548.3,43.5
3550506,SAO PEDRO DO TURVO,21,23,3,4.0,São Pedro do Turvo,7217,318.7,14.3
3552908,TACIBA,19,23,11,14.0,Taciba,6260,367.4,57.9
3517208,GUAICARA,22,23,5,5.0,Guaiçara,11239,204.6,22.7
3541653,QUADRA,21,23,4,4.0,Quadra,3405,675.5,19.0
3518107,GUARANTA,21,23,11,11.0,Guarantã,6427,357.9,52.4
3544806,SALES,21,23,2,3.0,Sales,6437,357.3,9.5
3527603,LUIS ANTONIO,19,23,8,8.0,Luís Antônio,12265,187.5,42.1
3525854,JUMIRIM,22,23,5,5.0,Jumirim,3056,752.6,22.7
3514007,DOBRADA,17,23,4,4.0,Dobrada,8759,262.6,23.5
3543600,RIFAINA,19,23,4,4.0,Rifaina,4049,568.0,21.1
3509957,CANAS,22,23,6,6.0,Canas,4931,466.4,27.3
3556800,VIRADOURO,22,23,3,3.0,Viradouro,17414,132.1,13.6
3503406,AREALVA,19,22,2,4.0,Arealva,8130,270.6,10.5
3542503,REGINOPOLIS,13,22,4,6.0,Reginópolis,7662,287.1,30.8
3514700,ECHAPORA,17,22,6,9.0,Echaporã,6205,354.6,35.3
3506805,BOCAINA,19,22,3,4.0,Bocaina,11259,195.4,15.8
3516002,FLORIDA PAULISTA,19,22,6,6.0,Flórida Paulista,12958,169.8,31.6
3521507,IRAPUA,17,22,4,4.0,Irapuã,6867,320.4,23.5
3516853,GAVIAO PEIXOTO,17,22,3,4.0,Gavião Peixoto,4702,467.9,17.6
3500758,ALAMBARI,20,22,6,8.0,Alambari,6141,358.2,30.0
3514809,ELDORADO,19,22,3,3.0,Eldorado,13069,168.3,15.8
3542909,RIBEIRAO BONITO,18,22,2,2.0,Ribeirão Bonito,10989,200.2,11.1
3543709,RINCAO,20,22,6,7.0,Rincão,9098,241.8,30.0
3528601,MANDURI,20,22,2,2.0,Manduri,9871,222.9,10.0
3515301,ESTRELA DO NORTE,17,21,3,5.0,Estrela do Norte,2703,776.9,17.6
3504206,AURIFLAMA,20,21,3,3.0,Auriflama,13692,153.4,15.0
3513207,CRISTAIS PAULISTA,20,21,1,1.0,Cristais Paulista,9272,226.5,5.0
3515194,ESPIRITO SANTO DO TURVO,19,21,6,6.0,Espírito Santo do Turvo,4157,505.2,31.6
3542701,RESTINGA,20,21,7,8.0,Restinga,6404,327.9,35.0
3555802,URANIA,21,21,3,3.0,Urânia,8833,237.7,14.3
3519055,HOLAMBRA,21,21,2,2.0,Holambra,15094,139.1,9.5
3534104,ORIENTE,18,21,5,7.0,Oriente,6085,345.1,27.8
3524501,JACI,19,21,7,9.0,Jaci,7613,275.8,36.8
3542008,QUINTANA,16,21,5,5.0,Quintana,7038,298.4,31.2
3526001,JUNQUEIROPOLIS,20,21,7,7.0,Junqueirópolis,20448,102.7,35.0
3556909,VISTA ALEGRE DO ALTO,19,20,4,4.0,Vista Alegre do Alto,8109,246.6,21.1
3534906,PACAEMBU,19,20,5,6.0,Pacaembu,14877,134.4,26.3
3515350,EUCLIDES DA CUNHA PAULISTA,18,20,2,3.0,Euclides da Cunha Paulista,7924,252.4,11.1
3547007,SANTA MARIA DA SERRA,20,20,8,8.0,Santa Maria da Serra,5243,381.5,40.0
3517109,GLICERIO,20,20,6,6.0,Glicério,4138,483.3,30.0
3522901,ITAPUI,19,20,5,5.0,Itapuí,13659,146.4,26.3
3537503,PEREIRAS,15,20,1,3.0,Pereiras,8737,228.9,6.7
3504800,BALSAMO,18,20,3,4.0,Bálsamo,9596,208.4,16.7
3554953,TUIUTI,20,20,4,4.0,Tuiuti,6778,295.1,20.0
3503000,ARAMINA,16,19,11,14.0,Aramina,5420,350.6,68.8
3554706,TORRINHA,16,19,5,7.0,Torrinha,9335,203.5,31.2
3520608,INDIANA,18,19,6,6.0,Indiana,5090,373.3,33.3
3517000,GETULINA,16,19,1,1.0,Getulina,10232,185.7,6.2
3556305,VALPARAISO,18,19,5,6.0,Valparaíso,24241,78.4,27.8
3538501,PIQUETE,17,19,2,2.0,Piquete,12490,152.1,11.8
3525508,JOANOPOLIS,19,19,3,3.0,Joanópolis,12815,148.3,15.8
3521408,IRACEMAPOLIS,19,19,2,2.0,Iracemápolis,21967,86.5,10.5
3504305,AVAI,15,19,3,6.0,Avaí,4483,423.8,20.0
3512100,COLOMBIA,16,19,8,10.0,Colômbia,6629,286.6,50.0
3532702,NIPOA,15,19,2,2.0,Nipoã,4750,400.0,13.3
3549508,SAO JOSE DA BELA VISTA,19,19,4,4.0,São José da Bela Vista,7626,249.1,21.1
3548609,SAO BENTO DO SAPUCAI,18,19,3,3.0,São Bento do Sapucaí,11674,162.8,16.7
3543808,RINOPOLIS,17,19,5,5.0,Rinópolis,9259,205.2,29.4
3527009,LINDOIA,17,19,3,3.0,Lindóia,7014,270.9,17.6
3502309,ANHEMBI,17,18,5,6.0,Anhembi,5674,317.2,29.4
3505104,BARBOSA,15,18,6,9.0,Barbosa,5640,319.1,40.0
3536802,PEDRA BELA,18,18,3,3.0,Pedra Bela,6557,274.5,16.7
3509809,CAMPOS NOVOS PAULISTA,15,18,8,11.0,Campos Novos Paulista,4888,368.2,53.3
3508702,CACONDE,17,18,1,1.0,Caconde,17101,105.3,5.9
3547908,SANTO ANTONIO DA ALEGRIA,16,18,5,6.0,Santo Antônio da Alegria,6775,265.7,31.2
3532306,NATIVIDADE DA SERRA,17,18,0,0.0,Natividade da Serra,6999,257.2,0.0
3548203,SANTO ANTONIO DO PINHAL,18,18,2,2.0,Santo Antônio do Pinhal,7133,252.3,11.1
3532504,NEVES PAULISTA,15,18,2,2.0,Neves Paulista,9699,185.6,13.3
3536406,PAULICEIA,16,18,3,3.0,Paulicéia,7955,226.3,18.8
3516606,GALIA,18,18,5,5.0,Gália,6380,282.1,27.8
3551900,SEVERINIA,17,18,2,3.0,Severínia,14576,123.5,11.8
3550803,SAO SEBASTIAO DA GRAMA,17,18,5,6.0,São Sebastião da Grama,10441,172.4,29.4
3539608,PLANALTO,14,18,4,5.0,Planalto,4389,410.1,28.6
3553203,TAIUVA,13,17,3,6.0,Taiúva,6548,259.6,23.1
3517307,GUAIMBE,16,17,4,4.0,Guaimbê,5512,308.4,25.0
3518909,GUZOLANDIA,15,17,2,2.0,Guzolândia,4246,400.4,13.3
3506409,BILAC,16,17,2,2.0,Bilac,7319,232.3,12.5
3525607,JOAO RAMALHO,13,17,4,4.0,João Ramalho,4371,388.9,30.8
3542800,RIBEIRA,16,17,9,10.0,Ribeira,3132,542.8,56.2
3542107,RAFARD,16,17,5,5.0,Rafard,8965,189.6,31.2
3529609,MERIDIANO,15,17,2,2.0,Meridiano,4572,371.8,13.3
3535705,PARAISO,14,17,5,7.0,Paraíso,6099,278.7,35.7
3515202,ESTRELA D OESTE,16,17,4,4.0,Estrela d'Oeste,9417,180.5,25.0
3509908,CANANEIA,16,17,1,1.0,Cananéia,12289,138.3,6.2
3556602,VERA CRUZ,14,16,1,1.0,Vera Cruz,10176,157.2,7.1
3512506,COROADOS,15,16,2,2.0,Coroados,5400,296.3,13.3
3521150,IPIGUA,14,16,1,1.0,Ipiguá,6761,236.7,7.1
3523008,ITAPURA,12,16,2,2.0,Itapura,3979,402.1,16.7
3552007,SILVEIRAS,14,16,4,6.0,Silveiras,6186,258.6,28.6
3501806,AMERICO DE CAMPOS,13,16,2,4.0,Américo de Campos,5870,272.6,15.4
3515905,FLOREAL,12,16,3,4.0,Floreal,2733,585.4,25.0
3532900,NOVA EUROPA,15,16,4,4.0,Nova Europa,9311,171.8,26.7
3544103,RIO GRANDE DA SERRA,15,16,0,0.0,Rio Grande da Serra,44170,36.2,0.0
3515608,FERNANDO PRESTES,16,16,8,8.0,Fernando Prestes,5942,269.3,50.0
3541208,PRESIDENTE BERNARDES,15,16,2,2.0,Presidente Bernardes,14490,110.4,13.3
3523800,ITOBI,13,16,2,2.0,Itobi,8046,198.9,15.4
3540101,PONGAI,13,16,6,7.0,Pongaí,3395,471.3,46.2
3512605,CORONEL MACEDO,14,15,2,2.0,Coronel Macedo,4280,350.5,14.3
3548401,SANTOPOLIS DO AGUAPEI,14,15,8,9.0,Santópolis do Aguapeí,3899,384.7,57.1
3544202,RIOLANDIA,14,15,2,2.0,Riolândia,10309,145.5,14.3
3508207,BURITIZAL,14,15,5,5.0,Buritizal,4356,344.4,35.7
3519253,IARAS,14,15,5,5.0,Iaras,8010,187.3,35.7
3557204,CHAVANTES,14,15,1,1.0,Chavantes,12211,122.8,7.1
3517901,GUARACI,12,15,1,1.0,Guaraci,10350,144.9,8.3
3552304,SUD MENNUCCI,13,15,5,5.0,Sud Mennucci,7355,203.9,38.5
3536604,PAULO DE FARIA,14,14,6,6.0,Paulo de Faria,7400,189.2,42.9
3507704,BRAUNA,13,14,3,4.0,Braúna,5356,261.4,23.1
3532801,NOVA ALIANCA,14,14,3,3.0,Nova Aliança,6693,209.2,21.4
3543501,RIVERSUL,11,14,3,4.0,Riversul,5599,250.0,27.3
3534203,ORINDIUVA,13,14,4,4.0,Orindiúva,6024,232.4,30.8
3551108,SARAPUI,13,14,2,2.0,Sarapuí,10369,135.0,15.4
3541059,PRATANIA,8,14,4,9.0,Pratânia,5126,273.1,50.0
3537701,PIACATU,13,14,2,2.0,Piacatu,5519,253.7,15.4
3526506,LAVINIA,14,14,5,5.0,Lavínia,9689,144.5,35.7
3553658,TAQUARAL,14,14,7,7.0,Taquaral,2619,534.6,50.0
3554409,TERRA ROXA,12,14,2,2.0,Terra Roxa,7904,177.1,16.7
3501202,ALVARES FLORENCE,12,14,2,2.0,Álvares Florence,3915,357.6,16.7
3546256,SANTA CRUZ DA ESPERANCA,12,13,3,3.0,Santa Cruz da Esperança,2116,614.4,25.0
3514924,ELISIARIO,12,13,4,5.0,Elisiário,3138,414.3,33.3
3546900,SANTA LUCIA,11,13,5,6.0,Santa Lúcia,7149,181.8,45.5
3547106,SANTA MERCEDES,9,13,2,4.0,Santa Mercedes,2956,439.8,22.2
3551207,SARUTAIA,10,13,1,1.0,Sarutaiá,3704,351.0,10.0
3531209,MONTE ALEGRE DO SUL,13,13,0,0.0,Monte Alegre do Sul,8627,150.7,0.0
3509304,CAJOBI,11,13,0,0.0,Cajobi,9133,142.3,0.0
3507159,BOM SUCESSO DE ITARARE,10,13,3,4.0,Bom Sucesso de Itararé,3555,365.7,30.0
3557154,ZACARIAS,12,13,0,0.0,Zacarias,2692,482.9,0.0
3531704,MONTEIRO LOBATO,13,13,2,2.0,Monteiro Lobato,4138,314.2,15.4
3547601,SANTA ROSA DE VITERBO,12,13,2,2.0,Santa Rosa de Viterbo,23411,55.5,16.7
3509452,CAMPINA DO MONTE ALEGRE,11,12,5,5.0,Campina do Monte Alegre,5954,201.5,45.5
3528700,MARABA PAULISTA,12,12,4,4.0,Marabá Paulista,4573,262.4,33.3
3504909,BANANAL,11,12,1,1.0,Bananal,9969,120.4,9.1
3540408,POPULINA,11,12,1,1.0,Populina,4127,290.8,9.1
3506201,BENTO DE ABREU,11,12,4,5.0,Bento de Abreu,2606,460.5,36.4
3520707,INDIAPORA,7,12,0,0.0,Indiaporã,4035,297.4,0.0
3546009,SANTA BRANCA,11,12,3,3.0,Santa Branca,13975,85.9,27.3
3526308,LAGOINHA,10,12,1,1.0,Lagoinha,5083,236.1,10.0
3546504,SANTA ERNESTINA,12,12,3,3.0,Santa Ernestina,6118,196.1,25.0
3514304,DOURADO,11,12,3,4.0,Dourado,8096,148.2,27.3
3540754,POTIM,11,11,0,0.0,Potim,20392,53.9,0.0
3555208,TURIUBA,9,11,1,1.0,Turiúba,1818,605.1,11.1
3519501,IBIRAREMA,10,11,2,2.0,Ibirarema,6385,172.3,20.0
3541703,QUATA,11,11,5,5.0,Quatá,13163,83.6,45.5
3510153,CANITAR,11,11,4,4.0,Canitar,6283,175.1,36.4
3545506,SANDOVALINA,11,11,1,1.0,Sandovalina,3645,301.8,9.1
3503109,ARANDU,10,11,4,4.0,Arandu,6885,159.8,40.0
3525409,JERIQUARA,9,11,2,4.0,Jeriquara,3863,284.8,22.2
3543204,RIBEIRAO DO SUL,10,11,2,2.0,Ribeirão do Sul,4677,235.2,20.0
3545159,SALTINHO,11,11,1,1.0,Saltinho,8161,134.8,9.1
3509106,CAIUA,8,10,0,0.0,Caiuá,5466,182.9,0.0
3527900,LUTECIA,9,10,1,1.0,Lutécia,2661,375.8,11.1
3531605,MONTE CASTELO,10,10,4,4.0,Monte Castelo,4222,236.9,40.0
3524907,JAMBEIRO,9,10,2,2.0,Jambeiro,6397,156.3,22.2
3525805,JULIO MESQUITA,5,10,3,3.0,Júlio Mesquita,4254,235.1,60.0
3532058,MOTUCA,8,10,2,4.0,Motuca,4034,247.9,25.0
3508900,CAIABU,7,10,1,1.0,Caiabu,3712,269.4,14.3
3503604,AREIOPOLIS,9,10,3,4.0,Areiópolis,10130,98.7,33.3
3555307,TURMALINA,6,10,3,4.0,Turmalina,1669,599.2,50.0
3540259,PONTALINDA,10,10,3,3.0,Pontalinda,4127,242.3,30.0
3519204,IACRI,9,10,0,0.0,Iacri,6131,163.1,0.0
3502002,ANALANDIA,9,10,3,4.0,Analândia,4589,217.9,33.3
3556958,VITORIA BRASIL,9,10,3,3.0,Vitória Brasil,1794,557.4,33.3
3533254,NOVAIS,8,10,2,3.0,Novais,4412,226.7,25.0
3524204,JABORANDI,9,10,1,1.0,Jaborandi,6221,160.7,11.1
3527801,LUPERCIO,8,9,4,5.0,Lupércio,3981,226.1,50.0
3530409,MIRASSOLANDIA,9,9,0,0.0,Mirassolândia,4669,192.8,0.0
3545704,SANTA ALBERTINA,8,9,0,0.0,Santa Albertina,6393,140.8,0.0
3505351,BARRA DO CHAPEU,8,9,1,2.0,Barra do Chapéu,5179,173.8,12.5
3501103,ALTO ALEGRE,8,9,1,1.0,Alto Alegre,3841,234.3,12.5
3500808,ALFREDO MARCONDES,6,9,2,2.0,Alfredo Marcondes,4445,202.5,33.3
3505005,BARAO DE ANTONINA,9,9,1,1.0,Barão de Antonina,3531,254.9,11.1
3554201,TEJUPA,9,9,1,1.0,Tejupá,4127,218.1,11.1
3507456,BOREBI,8,9,2,3.0,Borebi,2713,331.7,25.0
3542305,REDENCAO DA SERRA,7,9,0,0.0,Redenção da Serra,4494,200.3,0.0
3554755,TRABIJU,7,9,2,4.0,Trabiju,1682,535.1,28.6
3554607,TIMBURI,7,9,0,0.0,Timburi,2464,365.3,0.0
3551306,SEBASTIANOPOLIS DO SUL,6,8,1,1.0,Sebastianópolis do Sul,3130,255.6,16.7
3544509,RUBINEIA,5,8,1,1.0,Rubinéia,3833,208.7,20.0
3516101,FLORINEA,7,8,4,5.0,Florínea,3851,207.7,57.1
3539707,PLATINA,8,8,0,0.0,Platina,3025,264.5,0.0
3552551,SUZANAPOLIS,8,8,1,1.0,Suzanápolis,3408,234.7,12.5
3517802,GUARACAI,8,8,2,2.0,Guaraçaí,7441,107.5,25.0
3534500,OSCAR BRESSANE,7,8,3,4.0,Oscar Bressane,2470,323.9,42.9
3532827,NOVA CAMPINA,8,8,3,3.0,Nova Campina,8497,94.2,37.5
3547403,SANTA RITA D OESTE,8,8,0,0.0,Santa Rita d'Oeste,2733,292.7,0.0
3530003,MIRA ESTRELA,7,7,0,0.0,Mira Estrela,3126,223.9,0.0
3536570,PAULISTANIA,7,7,4,4.0,Paulistânia,2090,334.9,57.1
3530904,MOMBUCA,7,7,1,1.0,Mombuca,3722,188.1,14.3
3548302,SANTO EXPEDITO,7,7,1,1.0,Santo Expedito,3000,233.3,14.3
3528858,MARAPOAMA,7,7,1,1.0,Marapoama,3292,212.6,14.3
3534807,OURO VERDE,7,7,3,3.0,Ouro Verde,7779,90.0,42.9
3529658,MESOPOLIS,5,7,0,0.0,Mesópolis,1952,358.6,0.0
3547205,SANTANA DA PONTE PENSA,7,7,2,2.0,Santana da Ponte Pensa,1670,419.2,28.6
3522653,ITAPIRAPUA PAULISTA,7,7,1,1.0,Itapirapuã Paulista,4306,162.6,14.3
3521606,IRAPURU,7,7,1,1.0,Irapuru,7085,98.8,14.3
3520806,INUBIA PAULISTA,6,7,3,4.0,Inúbia Paulista,3615,193.6,50.0
3521200,IPORANGA,6,6,1,1.0,Iporanga,4046,148.3,16.7
3533809,OLEO,6,6,0,0.0,Óleo,2512,238.9,0.0
3500907,ALTAIR,6,6,1,1.0,Altair,3451,173.9,16.7
3516507,GABRIEL MONTEIRO,6,6,0,0.0,Gabriel Monteiro,2763,217.2,0.0
3519907,IEPE,6,6,0,0.0,Iepê,7619,78.8,0.0
3540309,PONTES GESTAL,4,6,1,1.0,Pontes Gestal,2387,251.4,25.0
3538303,PIQUEROBI,6,6,4,4.0,Piquerobi,3264,183.8,66.7
3502408,ANHUMAS,4,6,1,1.0,Anhumas,4023,149.1,25.0
3535903,PARANAPUA,6,6,0,0.0,Paranapuã,4031,148.8,0.0
3536901,PEDRANOPOLIS,6,6,1,1.0,Pedranópolis,2787,215.3,16.7
3528106,MACAUBAL,6,6,0,0.0,Macaubal,7481,80.2,0.0
3527504,LUCIANOPOLIS,6,6,0,0.0,Lucianópolis,2372,253.0,0.0
3528205,MACEDONIA,6,6,0,0.0,Macedônia,3963,151.4,0.0
3528908,MARIAPOLIS,5,6,0,0.0,Mariápolis,3513,170.8,0.0
3531001,MONCOES,6,6,2,2.0,Monções,1937,309.8,33.3
3544608,SABINO,5,6,3,4.0,Sabino,5112,117.4,60.0
3513306,CRUZALIA,4,6,2,3.0,Cruzália,2108,284.6,50.0
3507308,BORACEIA,6,6,2,2.0,Boracéia,4715,127.3,33.3
3544707,SAGRES,5,6,1,1.0,Sagres,2474,242.5,20.0
3510906,CASSIA DOS COQUEIROS,6,6,1,1.0,Cássia dos Coqueiros,2799,214.4,16.7
3557303,ESTIVA GERBI,5,5,0,0.0,Estiva Gerbi,11295,44.3,0.0
3508306,CABRALIA PAULISTA,5,5,1,1.0,Cabrália Paulista,4299,116.3,20.0
3543253,RIBEIRAO GRANDE,5,5,0,0.0,Ribeirão Grande,7450,67.1,0.0
3549250,SAO JOAO DE IRACEMA,5,5,0,0.0,São João de Iracema,1846,270.9,0.0
3500204,ADOLFO,5,5,1,1.0,Adolfo,4351,114.9,20.0
3515806,FLORA RICA,4,5,2,2.0,Flora Rica,1487,336.2,50.0
3553906,TARABAI,4,5,3,4.0,Tarabai,6536,76.5,75.0
3536257,PARISI,5,5,0,0.0,Parisi,2892,172.9,0.0
3503950,ASPASIA,4,5,0,0.0,Aspásia,1842,271.4,0.0
3503505,AREIAS,5,5,1,1.0,Areias,3577,139.8,20.0
3555505,UBIRAJARA,5,5,0,0.0,Ubirajara,5132,97.4,0.0
3527702,LUIZIANIA,5,5,2,2.0,Luiziânia,4701,106.4,40.0
3529104,MARINOPOLIS,5,5,1,1.0,Marinópolis,1860,268.8,20.0
3547650,SANTA SALETE,5,5,0,0.0,Santa Salete,1645,304.0,0.0
3532843,NOVA CANAA PAULISTA,5,5,0,0.0,Nova Canaã Paulista,2032,246.1,0.0
3533205,NOVA INDEPENDENCIA,5,5,2,2.0,Nova Independência,4609,108.5,40.0
3537156,PEDRINHAS PAULISTA,5,5,0,0.0,Pedrinhas Paulista,2804,178.3,0.0
3501509,ALVINLANDIA,4,4,1,1.0,Alvinlândia,2885,138.6,25.0
3516804,GASTAO VIDIGAL,4,4,0,0.0,Gastão Vidigal,3252,123.0,0.0
3518008,GUARANI D OESTE,4,4,0,0.0,Guarani d'Oeste,1968,203.3,0.0
3502606,APARECIDA D OESTE,4,4,1,1.0,Aparecida d'Oeste,4086,97.9,25.0
3503356,ARCO-IRIS,4,4,0,0.0,Arco-Íris,2044,195.7,0.0
3500600,AGUAS DE SAO PEDRO,3,4,1,2.0,Águas de São Pedro,2780,143.9,33.3
3501400,ALVARO DE CARVALHO,4,4,1,1.0,Álvaro de Carvalho,4808,83.2,25.0
3507209,BORA,4,4,2,2.0,Borá,907,441.0,50.0
3528304,MAGDA,4,4,1,1.0,Magda,3165,126.4,25.0
3507753,BREJO ALEGRE,3,4,1,2.0,Brejo Alegre,2565,155.9,33.3
3549607,SAO JOSE DO BARREIRO,4,4,0,0.0,São José do Barreiro,3853,103.8,0.0
3510104,CANDIDO RODRIGUES,4,4,0,0.0,Cândido Rodrigues,2889,138.5,0.0
3546108,SANTA CLARA D OESTE,2,4,0,0.0,Santa Clara d'Oeste,2598,154.0,0.0
3504701,BALBINOS,3,4,0,0.0,Balbinos,3887,102.9,0.0
3543105,RIBEIRAO CORRENTE,3,4,0,0.0,Ribeirão Corrente,4608,86.8,0.0
3513850,DIRCE REIS,4,4,0,0.0,Dirce Reis,1620,246.9,0.0
3514957,EMBAUBA,4,4,1,1.0,Embaúba,2323,172.2,25.0
3532157,NANTES,4,4,1,1.0,Nantes,2660,150.4,25.0
3545100,SALMOURAO,4,4,0,0.0,Salmourão,4808,83.2,0.0
3522000,ITAJU,3,3,2,2.0,Itaju,3618,82.9,66.7
3515657,FERNAO,3,3,0,0.0,Fernão,1656,181.2,0.0
3549201,SAO JOAO DAS DUAS PONTES,2,3,0,0.0,São João das Duas Pontes,2580,116.3,0.0
3532207,NARANDIBA,3,3,0,0.0,Narandiba,5713,52.5,0.0
3533106,NOVA GUATAPORANGA,3,3,0,0.0,Nova Guataporanga,2156,139.1,0.0
3533304,NOVA LUZITANIA,3,3,1,1.0,Nova Luzitânia,2837,105.7,33.3
3553104,TAIACU,3,3,0,0.0,Taiaçu,5677,52.8,0.0
3503158,ARAPEI,2,2,0,0.0,Arapeí,2330,85.8,0.0
3555901,URU,2,2,0,0.0,Uru,1387,144.2,0.0
3555703,UNIAO PAULISTA,2,2,0,0.0,União Paulista,1603,124.8,0.0
3541109,PRESIDENTE ALVES,2,2,0,0.0,Presidente Alves,3804,52.6,0.0
3522158,ITAOCA,2,2,0,0.0,Itaoca,3422,58.4,0.0
3541802,QUEIROZ,2,2,1,1.0,Queiroz,3265,61.3,50.0
3544400,RUBIACEA,2,2,0,0.0,Rubiácea,2700,74.1,0.0
3532108,MURUTINGA DO SUL,2,2,0,0.0,Murutinga do Sul,3737,53.5,0.0
3514205,DOLCINOPOLIS,1,1,0,0.0,Dolcinópolis,2207,45.3,0.0
3527256,LOURDES,1,1,0,0.0,Lourdes,1950,51.3,0.0
3549300,SAO JOAO DO PAU D ALHO,1,1,0,0.0,São João do Pau d'Alho,2242,44.6,0.0
