cod_ibge,municipio,pop_2022
3500105,Adamantina,34687
3500204,Adolfo,4351
3500303,Aguaí,32072
3500402,Águas da Prata,7369
3500501,Águas de Lindóia,17930
3500550,Águas de Santa Bárbara,7177
3500600,Águas de São Pedro,2780
3500709,Agudos,37680
3500758,Alambari,6141
3500808,Alfredo Marcondes,4445
3500907,Altair,3451
3501004,Altinópolis,16818
3501103,Alto Alegre,3841
3501152,Alumínio,17301
3501202,Álvares Florence,3915
3501301,Álvares Machado,27255
3501400,Álvaro de Carvalho,4808
3501509,Alvinlândia,2885
3501608,Americana,237240
3501707,Américo Brasiliense,33019
3501806,Américo de Campos,5870
3501905,Amparo,68008
3502002,Analândia,4589
3502101,Andradina,59783
3502200,Angatuba,24022
3502309,Anhembi,5674
3502408,Anhumas,4023
3502507,Aparecida,32569
3502606,Aparecida d'Oeste,4086
3502705,Apiaí,24585
3502754,Araçariguama,21522
3502804,Araçatuba,200124
3502903,Araçoiaba da Serra,32443
3503000,Aramina,5420
3503109,Arandu,6885
3503158,Arapeí,2330
3503208,Araraquara,242228
3503307,Araras,130866
3503356,Arco-Íris,2044
3503406,Arealva,8130
3503505,Areias,3577
3503604,Areiópolis,10130
3503703,Ariranha,7602
3503802,Artur Nogueira,51456
3503901,Arujá,86678
3503950,Aspásia,1842
3504008,Assis,101409
3504107,Atibaia,158647
3504206,Auriflama,13692
3504305,Avaí,4483
3504404,Avanhandava,11263
3504503,Avaré,92805
3504602,Bady Bassitt,27260
3504701,Balbinos,3887
3504800,Bálsamo,9596
3504909,Bananal,9969
3505005,Barão de Antonina,3531
3505104,Barbosa,5640
3505203,Bariri,31595
3505302,Barra Bonita,34346
3505351,Barra do Chapéu,5179
3505401,Barra do Turvo,6876
3505500,Barretos,122485
3505609,Barrinha,32092
3505708,Barueri,316473
3505807,Bastos,21503
3505906,Batatais,58402
3506003,Bauru,379146
3506102,Bebedouro,76373
3506201,Bento de Abreu,2606
3506300,Bernardino de Campos,11607
3506359,Bertioga,64188
3506409,Bilac,7319
3506508,Birigui,118979
3506607,Biritiba Mirim,29683
3506706,Boa Esperança do Sul,12978
3506805,Bocaina,11259
3506904,Bofete,10460
3507001,Boituva,61081
3507100,Bom Jesus dos Perdões,22006
3507159,Bom Sucesso de Itararé,3555
3507209,Borá,907
3507308,Boracéia,4715
3507407,Borborema,14226
3507456,Borebi,2713
3507506,Botucatu,145155
3507605,Bragança Paulista,176811
3507704,Braúna,5356
3507753,Brejo Alegre,2565
3507803,Brodowski,25201
3507902,Brotas,23898
3508009,Buri,20250
3508108,Buritama,17210
3508207,Buritizal,4356
3508306,Cabrália Paulista,4299
3508405,Cabreúva,47011
3508504,Caçapava,96202
3508603,Cachoeira Paulista,31564
3508702,Caconde,17101
3508801,Cafelândia,16654
3508900,Caiabu,3712
3509007,Caieiras,95032
3509106,Caiuá,5466
3509205,Cajamar,92689
3509254,Cajati,28515
3509304,Cajobi,9133
3509403,Cajuru,23830
3509452,Campina do Monte Alegre,5954
3509502,Campinas,1139047
3509601,Campo Limpo Paulista,77632
3509700,Campos do Jordão,46974
3509809,Campos Novos Paulista,4888
3509908,Cananéia,12289
3509957,Canas,4931
3510005,Cândido Mota,29449
3510104,Cândido Rodrigues,2889
3510153,Canitar,6283
3510203,Capão Bonito,46337
3510302,Capela do Alto,22866
3510401,Capivari,50068
3510500,Caraguatatuba,134873
3510609,Carapicuíba,386984
3510708,Cardoso,11345
3510807,Casa Branca,28083
3510906,Cássia dos Coqueiros,2799
3511003,Castilho,19977
3511102,Catanduva,115791
3511201,Catiguá,7003
3511300,Cedral,12618
3511409,Cerqueira César,21469
3511508,Cerquilho,44695
3511607,Cesário Lange,19048
3511706,Charqueada,15535
3511904,Clementina,6982
3512001,Colina,18486
3512100,Colômbia,6629
3512209,Conchal,28101
3512308,Conchas,15232
3512407,Cordeirópolis,24514
3512506,Coroados,5400
3512605,Coronel Macedo,4280
3512704,Corumbataí,4195
3512803,Cosmópolis,59773
3512902,Cosmorama,8719
3513009,Cotia,274413
3513108,Cravinhos,33281
3513207,Cristais Paulista,9272
3513306,Cruzália,2108
3513405,Cruzeiro,74961
3513504,Cubatão,112476
3513603,Cunha,22110
3513702,Descalvado,31756
3513801,Diadema,393237
3513850,Dirce Reis,1620
3513900,Divinolândia,11158
3514007,Dobrada,8759
3514106,Dois Córregos,24510
3514205,Dolcinópolis,2207
3514304,Dourado,8096
3514403,Dracena,45474
3514502,Duartina,12328
3514601,Dumont,9471
3514700,Echaporã,6205
3514809,Eldorado,13069
3514908,Elias Fausto,17699
3514924,Elisiário,3138
3514957,Embaúba,2323
3515004,Embu das Artes,250691
3515103,Embu-Guaçu,66970
3515129,Emilianópolis,3014
3515152,Engenheiro Coelho,19566
3515186,Espírito Santo do Pinhal,39816
3515194,Espírito Santo do Turvo,4157
3515202,Estrela d'Oeste,9417
3515301,Estrela do Norte,2703
3515350,Euclides da Cunha Paulista,7924
3515400,Fartura,16641
3515509,Fernandópolis,71186
3515608,Fernando Prestes,5942
3515657,Fernão,1656
3515707,Ferraz de Vasconcelos,179198
3515806,Flora Rica,1487
3515905,Floreal,2733
3516002,Flórida Paulista,12958
3516101,Florínea,3851
3516200,Franca,352536
3516309,Francisco Morato,165139
3516408,Franco da Rocha,144849
3516507,Gabriel Monteiro,2763
3516606,Gália,6380
3516705,Garça,42110
3516804,Gastão Vidigal,3252
3516853,Gavião Peixoto,4702
3516903,General Salgado,10312
3517000,Getulina,10232
3517109,Glicério,4138
3517208,Guaiçara,11239
3517307,Guaimbê,5512
3517406,Guaíra,39279
3517505,Guapiaçu,21711
3517604,Guapiara,17071
3517703,Guará,18606
3517802,Guaraçaí,7441
3517901,Guaraci,10350
3518008,Guarani d'Oeste,1968
3518107,Guarantã,6427
3518206,Guararapes,31043
3518305,Guararema,31236
3518404,Guaratinguetá,118044
3518503,Guareí,15013
3518602,Guariba,37498
3518701,Guarujá,287634
3518800,Guarulhos,1291771
3518859,Guatapará,7320
3518909,Guzolândia,4246
3519006,Herculândia,9125
3519055,Holambra,15094
3519071,Hortolândia,236641
3519105,Iacanga,10437
3519204,Iacri,6131
3519253,Iaras,8010
3519303,Ibaté,32178
3519402,Ibirá,11690
3519501,Ibirarema,6385
3519600,Ibitinga,60033
3519709,Ibiúna,75605
3519808,Icém,7819
3519907,Iepê,7619
3520004,Igaraçu do Tietê,23106
3520103,Igarapava,26212
3520202,Igaratá,10605
3520301,Iguape,29115
3520400,Ilhabela,34934
3520426,Ilha Comprida,13419
3520442,Ilha Solteira,25549
3520509,Indaiatuba,255748
3520608,Indiana,5090
3520707,Indiaporã,4035
3520806,Inúbia Paulista,3615
3520905,Ipaussu,13712
3521002,Iperó,36459
3521101,Ipeúna,6831
3521150,Ipiguá,6761
3521200,Iporanga,4046
3521309,Ipuã,14454
3521408,Iracemápolis,21967
3521507,Irapuã,6867
3521606,Irapuru,7085
3521705,Itaberá,17983
3521804,Itaí,25180
3521903,Itajobi,16989
3522000,Itaju,3618
3522109,Itanhaém,112476
3522158,Itaoca,3422
3522208,Itapecerica da Serra,158522
3522307,Itapetininga,157790
3522406,Itapeva,89728
3522505,Itapevi,232297
3522604,Itapira,72022
3522653,Itapirapuã Paulista,4306
3522703,Itápolis,39493
3522802,Itaporanga,14085
3522901,Itapuí,13659
3523008,Itapura,3979
3523107,Itaquaquecetuba,369275
3523206,Itararé,44438
3523305,Itariri,15528
3523404,Itatiba,121590
3523503,Itatinga,19070
3523602,Itirapina,16148
3523701,Itirapuã,5779
3523800,Itobi,8046
3523909,Itu,168240
3524006,Itupeva,70616
3524105,Ituverava,37571
3524204,Jaborandi,6221
3524303,Jaboticabal,71821
3524402,Jacareí,240275
3524501,Jaci,7613
3524600,Jacupiranga,16097
3524709,Jaguariúna,59347
3524808,Jales,48776
3524907,Jambeiro,6397
3525003,Jandira,118045
3525102,Jardinópolis,45282
3525201,Jarinu,37535
3525300,Jaú,133497
3525409,Jeriquara,3863
3525508,Joanópolis,12815
3525607,João Ramalho,4371
3525706,José Bonifácio,36633
3525805,Júlio Mesquita,4254
3525854,Jumirim,3056
3525904,Jundiaí,443221
3526001,Junqueirópolis,20448
3526100,Juquiá,17154
3526209,Juquitiba,27404
3526308,Lagoinha,5083
3526407,Laranjal Paulista,26261
3526506,Lavínia,9689
3526605,Lavrinhas,7171
3526704,Leme,98161
3526803,Lençóis Paulista,66505
3526902,Limeira,291869
3527009,Lindóia,7014
3527108,Lins,74779
3527207,Lorena,84855
3527256,Lourdes,1950
3527306,Louveira,51847
3527405,Lucélia,20061
3527504,Lucianópolis,2372
3527603,Luís Antônio,12265
3527702,Luiziânia,4701
3527801,Lupércio,3981
3527900,Lutécia,2661
3528007,Macatuba,16829
3528106,Macaubal,7481
3528205,Macedônia,3963
3528304,Magda,3165
3528403,Mairinque,50027
3528502,Mairiporã,93853
3528601,Manduri,9871
3528700,Marabá Paulista,4573
3528809,Maracaí,12673
3528858,Marapoama,3292
3528908,Mariápolis,3513
3529005,Marília,237627
3529104,Marinópolis,1860
3529203,Martinópolis,24881
3529302,Matão,79033
3529401,Mauá,418261
3529500,Mendonça,6159
3529609,Meridiano,4572
3529658,Mesópolis,1952
3529708,Miguelópolis,19441
3529807,Mineiros do Tietê,11230
3529906,Miracatu,18553
3530003,Mira Estrela,3126
3530102,Mirandópolis,27983
3530201,Mirante do Paranapanema,15917
3530300,Mirassol,63337
3530409,Mirassolândia,4669
3530508,Mococa,67681
3530607,Mogi das Cruzes,451505
3530706,Mogi Guaçu,153658
3530805,Mogi Mirim,92558
3530904,Mombuca,3722
3531001,Monções,1937
3531100,Mongaguá,61951
3531209,Monte Alegre do Sul,8627
3531308,Monte Alto,47574
3531407,Monte Aprazível,22280
3531506,Monte Azul Paulista,18151
3531605,Monte Castelo,4222
3531704,Monteiro Lobato,4138
3531803,Monte Mor,64662
3531902,Morro Agudo,27933
3532009,Morungaba,13720
3532058,Motuca,4034
3532108,Murutinga do Sul,3737
3532157,Nantes,2660
3532207,Narandiba,5713
3532306,Natividade da Serra,6999
3532405,Nazaré Paulista,18217
3532504,Neves Paulista,9699
3532603,Nhandeara,9852
3532702,Nipoã,4750
3532801,Nova Aliança,6693
3532827,Nova Campina,8497
3532843,Nova Canaã Paulista,2032
3532868,Nova Castilho,1062
3532900,Nova Europa,9311
3533007,Nova Granada,19419
3533106,Nova Guataporanga,2156
3533205,Nova Independência,4609
3533254,Novais,4412
3533304,Nova Luzitânia,2837
3533403,Nova Odessa,62019
3533502,Novo Horizonte,38324
3533601,Nuporanga,7391
3533700,Ocauçu,4331
3533809,Óleo,2512
3533908,Olímpia,55074
3534005,Onda Verde,4771
3534104,Oriente,6085
3534203,Orindiúva,6024
3534302,Orlândia,38319
3534401,Osasco,728615
3534500,Oscar Bressane,2470
3534609,Osvaldo Cruz,31272
3534708,Ourinhos,103970
3534757,Ouroeste,10294
3534807,Ouro Verde,7779
3534906,Pacaembu,14877
3535002,Palestina,11476
3535101,Palmares Paulista,9650
3535200,Palmeira d'Oeste,8903
3535309,Palmital,19594
3535408,Panorama,14964
3535507,Paraguaçu Paulista,41120
3535606,Paraibuna,17667
3535705,Paraíso,6099
3535804,Paranapanema,19395
3535903,Paranapuã,4031
3536000,Parapuã,10580
3536109,Pardinho,7153
3536208,Pariquera-Açu,19233
3536257,Parisi,2892
3536307,Patrocínio Paulista,14512
3536406,Paulicéia,7955
3536505,Paulínia,110537
3536570,Paulistânia,2090
3536604,Paulo de Faria,7400
3536703,Pederneiras,44827
3536802,Pedra Bela,6557
3536901,Pedranópolis,2787
3537008,Pedregulho,15525
3537107,Pedreira,43112
3537156,Pedrinhas Paulista,2804
3537206,Pedro de Toledo,11281
3537305,Penápolis,61679
3537404,Pereira Barreto,24095
3537503,Pereiras,8737
3537602,Peruíbe,68352
3537701,Piacatu,5519
3537800,Piedade,52970
3537909,Pilar do Sul,27619
3538006,Pindamonhangaba,165428
3538105,Pindorama,14542
3538204,Pinhalzinho,15224
3538303,Piquerobi,3264
3538501,Piquete,12490
3538600,Piracaia,26029
3538709,Piracicaba,423323
3538808,Piraju,29436
3538907,Pirajuí,22431
3539004,Pirangi,10885
3539103,Pirapora do Bom Jesus,18370
3539202,Pirapozinho,25348
3539301,Pirassununga,73545
3539400,Piratininga,15108
3539509,Pitangueiras,33674
3539608,Planalto,4389
3539707,Platina,3025
3539806,Poá,103765
3539905,Poloni,5592
3540002,Pompéia,20196
3540101,Pongaí,3395
3540200,Pontal,37607
3540259,Pontalinda,4127
3540309,Pontes Gestal,2387
3540408,Populina,4127
3540507,Porangaba,10451
3540606,Porto Feliz,56497
3540705,Porto Ferreira,52649
3540754,Potim,20392
3540804,Potirendaba,18496
3540853,Pracinha,2578
3540903,Pradópolis,17078
3541000,Praia Grande,349935
3541059,Pratânia,5126
3541109,Presidente Alves,3804
3541208,Presidente Bernardes,14490
3541307,Presidente Epitácio,39505
3541406,Presidente Prudente,225668
3541505,Presidente Venceslau,35201
3541604,Promissão,35131
3541653,Quadra,3405
3541703,Quatá,13163
3541802,Queiroz,3265
3541901,Queluz,9159
3542008,Quintana,7038
3542107,Rafard,8965
3542206,Rancharia,28588
3542305,Redenção da Serra,4494
3542404,Regente Feijó,20145
3542503,Reginópolis,7662
3542602,Registro,59947
3542701,Restinga,6404
3542800,Ribeira,3132
3542909,Ribeirão Bonito,10989
3543006,Ribeirão Branco,18627
3543105,Ribeirão Corrente,4608
3543204,Ribeirão do Sul,4677
3543238,Ribeirão dos Índios,2025
3543253,Ribeirão Grande,7450
3543303,Ribeirão Pires,115559
3543402,Ribeirão Preto,698642
3543501,Riversul,5599
3543600,Rifaina,4049
3543709,Rincão,9098
3543808,Rinópolis,9259
3543907,Rio Claro,201418
3544004,Rio das Pedras,31328
3544103,Rio Grande da Serra,44170
3544202,Riolândia,10309
3544251,Rosana,17440
3544301,Roseira,10832
3544400,Rubiácea,2700
3544509,Rubinéia,3833
3544608,Sabino,5112
3544707,Sagres,2474
3544806,Sales,6437
3544905,Sales Oliveira,11411
3545001,Salesópolis,15202
3545100,Salmourão,4808
3545159,Saltinho,8161
3545209,Salto,134319
3545308,Salto de Pirapora,43748
3545407,Salto Grande,9050
3545506,Sandovalina,3645
3545605,Santa Adélia,14018
3545704,Santa Albertina,6393
3545803,Santa Bárbara d'Oeste,183347
3546009,Santa Branca,13975
3546108,Santa Clara d'Oeste,2598
3546207,Santa Cruz da Conceição,4277
3546256,Santa Cruz da Esperança,2116
3546306,Santa Cruz das Palmeiras,28864
3546405,Santa Cruz do Rio Pardo,46442
3546504,Santa Ernestina,6118
3546603,Santa Fé do Sul,34794
3546702,Santa Gertrudes,23611
3546801,Santa Isabel,53174
3546900,Santa Lúcia,7149
3547007,Santa Maria da Serra,5243
3547106,Santa Mercedes,2956
3547205,Santana da Ponte Pensa,1670
3547304,Santana de Parnaíba,154105
3547403,Santa Rita d'Oeste,2733
3547502,Santa Rita do Passa Quatro,24833
3547601,Santa Rosa de Viterbo,23411
3547650,Santa Salete,1645
3547700,Santo Anastácio,17963
3547809,Santo André,748919
3547908,Santo Antônio da Alegria,6775
3548005,Santo Antônio de Posse,23244
3548054,Santo Antônio do Aracanguá,8379
3548104,Santo Antônio do Jardim,6126
3548203,Santo Antônio do Pinhal,7133
3548302,Santo Expedito,3000
3548401,Santópolis do Aguapeí,3899
3548500,Santos,418608
3548609,São Bento do Sapucaí,11674
3548708,São Bernardo do Campo,810729
3548807,São Caetano do Sul,165655
3548906,São Carlos,254857
3549003,São Francisco,2602
3549102,São João da Boa Vista,92547
3549201,São João das Duas Pontes,2580
3549250,São João de Iracema,1846
3549300,São João do Pau d'Alho,2242
3549409,São Joaquim da Barra,48558
3549508,São José da Bela Vista,7626
3549607,São José do Barreiro,3853
3549706,São José do Rio Pardo,52205
3549805,São José do Rio Preto,480393
3549904,São José dos Campos,697054
3549953,São Lourenço da Serra,16067
3550001,São Luiz do Paraitinga,10337
3550100,São Manuel,37289
3550209,São Miguel Arcanjo,32039
3550308,São Paulo,11451999
3550407,São Pedro,38256
3550506,São Pedro do Turvo,7217
3550605,São Roque,79484
3550704,São Sebastião,81595
3550803,São Sebastião da Grama,10441
3550902,São Simão,13442
3551009,São Vicente,329911
3551108,Sarapuí,10369
3551207,Sarutaiá,3704
3551306,Sebastianópolis do Sul,3130
3551405,Serra Azul,12746
3551504,Serrana,43909
3551603,Serra Negra,29894
3551702,Sertãozinho,126887
3551801,Sete Barras,12730
3551900,Severínia,14576
3552007,Silveiras,6186
3552106,Socorro,40122
3552205,Sorocaba,723682
3552304,Sud Mennucci,7355
3552403,Sumaré,279545
3552502,Suzano,307429
3552551,Suzanápolis,3408
3552601,Tabapuã,11323
3552700,Tabatinga,14769
3552809,Taboão da Serra,273542
3552908,Taciba,6260
3553005,Taguaí,12669
3553104,Taiaçu,5677
3553203,Taiúva,6548
3553302,Tambaú,21435
3553401,Tanabi,25265
3553500,Tapiraí,7996
3553609,Tapiratiba,11816
3553658,Taquaral,2619
3553708,Taquaritinga,52260
3553807,Taquarituba,24350
3553856,Taquarivaí,6876
3553906,Tarabai,6536
3553955,Tarumã,14882
3554003,Tatuí,123942
3554102,Taubaté,310739
3554201,Tejupá,4127
3554300,Teodoro Sampaio,22173
3554409,Terra Roxa,7904
3554508,Tietê,37663
3554607,Timburi,2464
3554656,Torre de Pedra,2046
3554706,Torrinha,9335
3554755,Trabiju,1682
3554805,Tremembé,51173
3554904,Três Fronteiras,6804
3554953,Tuiuti,6778
3555000,Tupã,63928
3555109,Tupi Paulista,15854
3555208,Turiúba,1818
3555307,Turmalina,1669
3555356,Ubarana,5365
3555406,Ubatuba,92981
3555505,Ubirajara,5132
3555604,Uchoa,10394
3555703,União Paulista,1603
3555802,Urânia,8833
3555901,Uru,1387
3556008,Urupês,13744
3556107,Valentim Gentil,14098
3556206,Valinhos,126373
3556305,Valparaíso,24241
3556354,Vargem,10512
3556404,Vargem Grande do Sul,40133
3556453,Vargem Grande Paulista,50415
3556503,Várzea Paulista,115771
3556602,Vera Cruz,10176
3556701,Vinhedo,76540
3556800,Viradouro,17414
3556909,Vista Alegre do Alto,8109
3556958,Vitória Brasil,1794
3557006,Votorantim,127923
3557105,Votuporanga,96634
3557154,Zacarias,2692
3557204,Chavantes,12211
3557303,Estiva Gerbi,11295
